[{"model": "auth.permission", "pk": 1, "fields": {"name": "Can add log entry", "content_type": 1, "codename": "add_logentry"}}, {"model": "auth.permission", "pk": 2, "fields": {"name": "Can change log entry", "content_type": 1, "codename": "change_logentry"}}, {"model": "auth.permission", "pk": 3, "fields": {"name": "Can delete log entry", "content_type": 1, "codename": "delete_logentry"}}, {"model": "auth.permission", "pk": 4, "fields": {"name": "Can view log entry", "content_type": 1, "codename": "view_logentry"}}, {"model": "auth.permission", "pk": 5, "fields": {"name": "Can add permission", "content_type": 2, "codename": "add_permission"}}, {"model": "auth.permission", "pk": 6, "fields": {"name": "Can change permission", "content_type": 2, "codename": "change_permission"}}, {"model": "auth.permission", "pk": 7, "fields": {"name": "Can delete permission", "content_type": 2, "codename": "delete_permission"}}, {"model": "auth.permission", "pk": 8, "fields": {"name": "Can view permission", "content_type": 2, "codename": "view_permission"}}, {"model": "auth.permission", "pk": 9, "fields": {"name": "Can add group", "content_type": 3, "codename": "add_group"}}, {"model": "auth.permission", "pk": 10, "fields": {"name": "Can change group", "content_type": 3, "codename": "change_group"}}, {"model": "auth.permission", "pk": 11, "fields": {"name": "Can delete group", "content_type": 3, "codename": "delete_group"}}, {"model": "auth.permission", "pk": 12, "fields": {"name": "Can view group", "content_type": 3, "codename": "view_group"}}, {"model": "auth.permission", "pk": 13, "fields": {"name": "Can add user", "content_type": 4, "codename": "add_user"}}, {"model": "auth.permission", "pk": 14, "fields": {"name": "Can change user", "content_type": 4, "codename": "change_user"}}, {"model": "auth.permission", "pk": 15, "fields": {"name": "Can delete user", "content_type": 4, "codename": "delete_user"}}, {"model": "auth.permission", "pk": 16, "fields": {"name": "Can view user", "content_type": 4, "codename": "view_user"}}, {"model": "auth.permission", "pk": 17, "fields": {"name": "Can add content type", "content_type": 5, "codename": "add_contenttype"}}, {"model": "auth.permission", "pk": 18, "fields": {"name": "Can change content type", "content_type": 5, "codename": "change_contenttype"}}, {"model": "auth.permission", "pk": 19, "fields": {"name": "Can delete content type", "content_type": 5, "codename": "delete_contenttype"}}, {"model": "auth.permission", "pk": 20, "fields": {"name": "Can view content type", "content_type": 5, "codename": "view_contenttype"}}, {"model": "auth.permission", "pk": 21, "fields": {"name": "Can add session", "content_type": 6, "codename": "add_session"}}, {"model": "auth.permission", "pk": 22, "fields": {"name": "Can change session", "content_type": 6, "codename": "change_session"}}, {"model": "auth.permission", "pk": 23, "fields": {"name": "Can delete session", "content_type": 6, "codename": "delete_session"}}, {"model": "auth.permission", "pk": 24, "fields": {"name": "Can view session", "content_type": 6, "codename": "view_session"}}, {"model": "auth.permission", "pk": 25, "fields": {"name": "Can add ingredient", "content_type": 7, "codename": "add_ingredient"}}, {"model": "auth.permission", "pk": 26, "fields": {"name": "Can change ingredient", "content_type": 7, "codename": "change_ingredient"}}, {"model": "auth.permission", "pk": 27, "fields": {"name": "Can delete ingredient", "content_type": 7, "codename": "delete_ingredient"}}, {"model": "auth.permission", "pk": 28, "fields": {"name": "Can view ingredient", "content_type": 7, "codename": "view_ingredient"}}, {"model": "auth.permission", "pk": 29, "fields": {"name": "Can add recipe", "content_type": 8, "codename": "add_recipe"}}, {"model": "auth.permission", "pk": 30, "fields": {"name": "Can change recipe", "content_type": 8, "codename": "change_recipe"}}, {"model": "auth.permission", "pk": 31, "fields": {"name": "Can delete recipe", "content_type": 8, "codename": "delete_recipe"}}, {"model": "auth.permission", "pk": 32, "fields": {"name": "Can view recipe", "content_type": 8, "codename": "view_recipe"}}, {"model": "auth.permission", "pk": 33, "fields": {"name": "Can add review", "content_type": 9, "codename": "add_review"}}, {"model": "auth.permission", "pk": 34, "fields": {"name": "Can change review", "content_type": 9, "codename": "change_review"}}, {"model": "auth.permission", "pk": 35, "fields": {"name": "Can delete review", "content_type": 9, "codename": "delete_review"}}, {"model": "auth.permission", "pk": 36, "fields": {"name": "Can view review", "content_type": 9, "codename": "view_review"}}, {"model": "auth.permission", "pk": 37, "fields": {"name": "Can add avis", "content_type": 10, "codename": "add_avis"}}, {"model": "auth.permission", "pk": 38, "fields": {"name": "Can change avis", "content_type": 10, "codename": "change_avis"}}, {"model": "auth.permission", "pk": 39, "fields": {"name": "Can delete avis", "content_type": 10, "codename": "delete_avis"}}, {"model": "auth.permission", "pk": 40, "fields": {"name": "Can view avis", "content_type": 10, "codename": "view_avis"}}, {"model": "auth.permission", "pk": 41, "fields": {"name": "Can add user", "content_type": 11, "codename": "add_user"}}, {"model": "auth.permission", "pk": 42, "fields": {"name": "Can change user", "content_type": 11, "codename": "change_user"}}, {"model": "auth.permission", "pk": 43, "fields": {"name": "Can delete user", "content_type": 11, "codename": "delete_user"}}, {"model": "auth.permission", "pk": 44, "fields": {"name": "Can view user", "content_type": 11, "codename": "view_user"}}, {"model": "auth.permission", "pk": 45, "fields": {"name": "Can add produit", "content_type": 12, "codename": "add_produit"}}, {"model": "auth.permission", "pk": 46, "fields": {"name": "Can change produit", "content_type": 12, "codename": "change_produit"}}, {"model": "auth.permission", "pk": 47, "fields": {"name": "Can delete produit", "content_type": 12, "codename": "delete_produit"}}, {"model": "auth.permission", "pk": 48, "fields": {"name": "Can view produit", "content_type": 12, "codename": "view_produit"}}, {"model": "auth.permission", "pk": 49, "fields": {"name": "Can add favorites", "content_type": 13, "codename": "add_favorites"}}, {"model": "auth.permission", "pk": 50, "fields": {"name": "Can change favorites", "content_type": 13, "codename": "change_favorites"}}, {"model": "auth.permission", "pk": 51, "fields": {"name": "Can delete favorites", "content_type": 13, "codename": "delete_favorites"}}, {"model": "auth.permission", "pk": 52, "fields": {"name": "Can view favorites", "content_type": 13, "codename": "view_favorites"}}, {"model": "auth.permission", "pk": 53, "fields": {"name": "Can add step", "content_type": 14, "codename": "add_step"}}, {"model": "auth.permission", "pk": 54, "fields": {"name": "Can change step", "content_type": 14, "codename": "change_step"}}, {"model": "auth.permission", "pk": 55, "fields": {"name": "Can delete step", "content_type": 14, "codename": "delete_step"}}, {"model": "auth.permission", "pk": 56, "fields": {"name": "Can view step", "content_type": 14, "codename": "view_step"}}, {"model": "auth.user", "pk": 1, "fields": {"password": "pbkdf2_sha256$870000$3JP8gbs7omnI7hulGYI0Wg$mHTFIfjOtdQUYkfUtcOYCMbCY5uyfR6bqZcqJhYajMw=", "last_login": "2024-11-18T15:20:07.720Z", "is_superuser": false, "username": "finalsoufien", "first_name": "", "last_name": "", "email": "soufielmazlouzi@gmail.com", "is_staff": false, "is_active": true, "date_joined": "2024-11-18T15:20:06.987Z", "groups": [], "user_permissions": []}}, {"model": "auth.user", "pk": 2, "fields": {"password": "pbkdf2_sha256$870000$3Wc7jpoZT8ZnRMvQ0aTPsp$7NXc+YzTh95+r6+ksm7+k09iD4ApcGdurCBfyXahlIA=", "last_login": "2024-11-18T15:36:50.885Z", "is_superuser": false, "username": "walo", "first_name": "", "last_name": "", "email": "s@s", "is_staff": false, "is_active": true, "date_joined": "2024-11-18T15:22:45.333Z", "groups": [], "user_permissions": []}}, {"model": "auth.user", "pk": 3, "fields": {"password": "pbkdf2_sha256$870000$1jviDtgWZzGws8o2sGOBiR$tkXk+SfRWSkMSnXo00iAZuNixrcwgCb/UUyL84Bga3s=", "last_login": "2024-11-19T07:43:20.963Z", "is_superuser": false, "username": "Asmae", "first_name": "", "last_name": "", "email": "asmae@asmae", "is_staff": false, "is_active": true, "date_joined": "2024-11-18T15:37:16.021Z", "groups": [], "user_permissions": []}}, {"model": "auth.user", "pk": 4, "fields": {"password": "pbkdf2_sha256$870000$yTDkcZY4CmvoI92wfBjymL$lO8Ql8lJZVoUv+xNkZliyQMcLWsSwo4rymyu9HP8Cnk=", "last_login": null, "is_superuser": false, "username": "testuser", "first_name": "", "last_name": "", "email": "", "is_staff": false, "is_active": true, "date_joined": "2024-11-19T06:45:50.004Z", "groups": [], "user_permissions": []}}, {"model": "auth.user", "pk": 5, "fields": {"password": "pbkdf2_sha256$870000$QRdEKMyWzgzV6oSxu5E7SN$Aqmj+hkN/+mAWepJCd0fAoryC4XJRDsgCB7NO9keqZQ=", "last_login": "2024-11-19T08:46:45.933Z", "is_superuser": false, "username": "sa", "first_name": "", "last_name": "", "email": "a@a", "is_staff": false, "is_active": true, "date_joined": "2024-11-19T08:35:55.608Z", "groups": [], "user_permissions": []}}, {"model": "auth.user", "pk": 6, "fields": {"password": "pbkdf2_sha256$870000$Krnbrd6oQeYxAJwgJvihY5$tF7775AVlwTJB3ab1y3gI5IEppkf0EuILuwCwFxEIMQ=", "last_login": "2024-11-22T07:49:45.380Z", "is_superuser": false, "username": "HIBA", "first_name": "HIBA", "last_name": "", "email": "hibajlibina9@gmail.com", "is_staff": false, "is_active": true, "date_joined": "2024-11-19T10:13:13.957Z", "groups": [], "user_permissions": []}}, {"model": "auth.user", "pk": 7, "fields": {"password": "pbkdf2_sha256$870000$YWpGhvYqPPCSDyc9j8M8z4$2CZvyCtrHdq7vhv69fWWTFVS9aOXIt1TDuiXDGT6x0Q=", "last_login": "2024-11-19T13:15:35.636Z", "is_superuser": false, "username": "finaltest", "first_name": "", "last_name": "", "email": "test@test", "is_staff": false, "is_active": true, "date_joined": "2024-11-19T13:15:34.906Z", "groups": [], "user_permissions": []}}, {"model": "auth.user", "pk": 8, "fields": {"password": "pbkdf2_sha256$870000$hj7nijeJNlpmPg1XbAqJ21$ufd8elcB6Qf7zVR32COKChRroeIfi2YYsnpCdvsrnlc=", "last_login": "2024-11-19T15:16:14.202Z", "is_superuser": false, "username": "Solal", "first_name": "", "last_name": "", "email": "Solal2409@gmail.com", "is_staff": false, "is_active": true, "date_joined": "2024-11-19T15:16:13.958Z", "groups": [], "user_permissions": []}}, {"model": "auth.user", "pk": 9, "fields": {"password": "pbkdf2_sha256$870000$vraLW8OHXqZH2X8kLZ0wdr$NuQTaXAOoC7znuLJtSInXyr+iz/t0dNJ4W58Horqlbk=", "last_login": "2024-11-19T15:55:54.876Z", "is_superuser": false, "username": "Ismail", "first_name": "", "last_name": "", "email": "i@a", "is_staff": false, "is_active": true, "date_joined": "2024-11-19T15:55:54.714Z", "groups": [], "user_permissions": []}}, {"model": "auth.user", "pk": 10, "fields": {"password": "pbkdf2_sha256$870000$UQaf6rNyXt7i01yl39TNoF$DPFqkPURT2YSsFeBBI8UAKhH6ZjoWxKjnSpPsMp868A=", "last_login": "2024-11-22T07:42:30.901Z", "is_superuser": false, "username": "Soufien El Mazlouzi", "first_name": "", "last_name": "", "email": "sf@sf", "is_staff": false, "is_active": true, "date_joined": "2024-11-19T19:15:06.243Z", "groups": [], "user_permissions": []}}, {"model": "auth.user", "pk": 11, "fields": {"password": "pbkdf2_sha256$870000$KgA1N2oxVmd4gMRGEtyDU6$wnbc0BP9mMF2EwqoDRwPi4tX4/CTV0RBDePRHBScQoU=", "last_login": "2024-11-22T09:14:25.777Z", "is_superuser": false, "username": "soufien", "first_name": "", "last_name": "", "email": "s.elmazlouzi@gmail.com", "is_staff": false, "is_active": true, "date_joined": "2024-11-22T09:10:19.964Z", "groups": [], "user_permissions": []}}, {"model": "contenttypes.contenttype", "pk": 1, "fields": {"app_label": "admin", "model": "logentry"}}, {"model": "contenttypes.contenttype", "pk": 2, "fields": {"app_label": "auth", "model": "permission"}}, {"model": "contenttypes.contenttype", "pk": 3, "fields": {"app_label": "auth", "model": "group"}}, {"model": "contenttypes.contenttype", "pk": 4, "fields": {"app_label": "auth", "model": "user"}}, {"model": "contenttypes.contenttype", "pk": 5, "fields": {"app_label": "contenttypes", "model": "contenttype"}}, {"model": "contenttypes.contenttype", "pk": 6, "fields": {"app_label": "sessions", "model": "session"}}, {"model": "contenttypes.contenttype", "pk": 7, "fields": {"app_label": "recipes", "model": "ingredient"}}, {"model": "contenttypes.contenttype", "pk": 8, "fields": {"app_label": "recipes", "model": "recipe"}}, {"model": "contenttypes.contenttype", "pk": 9, "fields": {"app_label": "recipes", "model": "review"}}, {"model": "contenttypes.contenttype", "pk": 10, "fields": {"app_label": "recipes", "model": "avis"}}, {"model": "contenttypes.contenttype", "pk": 11, "fields": {"app_label": "recipes", "model": "user"}}, {"model": "contenttypes.contenttype", "pk": 12, "fields": {"app_label": "recipes", "model": "produit"}}, {"model": "contenttypes.contenttype", "pk": 13, "fields": {"app_label": "recipes", "model": "favorites"}}, {"model": "contenttypes.contenttype", "pk": 14, "fields": {"app_label": "recipes", "model": "step"}}, {"model": "sessions.session", "pk": "4vee94dfjmrjjncimlk70difeq05y7mi", "fields": {"session_data": ".eJxVjDsOwyAQBe9CHSFifiZl-pwBwe4SnEQgGbuKcvcYyYXdvpk3X-bDumS_Npr9hOzGDLsctxjgTaUDfIXyrBxqWeYp8q7wnTb-qEif--6eAjm03LMkFIyOFDqbIA2jiNI60EkbSCilCRbA2avUakAByiRhnAXcXgSbyX5_7RI39Q:1tDmEX:hkeGo_hexzmR5e3QPGXtkzzzpWVP_5oC6NwnGTlzyiM", "expire_date": "2024-12-04T15:03:09.826Z"}}, {"model": "sessions.session", "pk": "57gv6cfb2hrs1sb2nx93vs0e1o32m8dy", "fields": {"session_data": ".eJxVjDsOwyAQBe9CHSFifiZl-pwBwe4SnEQgGbuKcvcYyYXdvpk3X-bDumS_Npr9hOzGDLsctxjgTaUDfIXyrBxqWeYp8q7wnTb-qEif--6eAjm03LMkFIyOFDqbIA2jiNI60EkbSCilCRbA2avUakAByiRhnAXcXgSbyX5_7RI39Q:1tEOQD:0vbL5-Cv34oy2I-O9ho5UsH5QjgBhRi6jCvAnSVQggk", "expire_date": "2024-12-06T07:49:45.438Z"}}, {"model": "sessions.session", "pk": "952xvbz07zdzlm581vjd366ln7rxa43j", "fields": {"session_data": ".eJxVjEsOAiEQBe_C2pBuQKFduvcMpPnJqIFkmFkZ766TzEK3r6reS3hel-rXkWc_JXEWJA6_W-D4yG0D6c7t1mXsbZmnIDdF7nTIa0_5edndv4PKo35rB4aLtRqKdqzJnLIBInRRAUIwKinHWSVbrEGMREemiI5RISFQKuL9AbjXNrk:1tDQa2:XuZIrfMCE7tv_pswzM2GYpcKWimjffKbDCM6f3fc63Y", "expire_date": "2024-12-03T15:55:54.884Z"}}, {"model": "sessions.session", "pk": "cvnc7w7suuf9xtnazw7ziiquz0uy38ag", "fields": {"session_data": ".eJxVjMEOwiAQRP-FsyFsQQoevfsNZNkFqRpISnsy_rtt0oMmc5r3Zt4i4LqUsPY0h4nFRThx-u0i0jPVHfAD671JanWZpyh3RR60y1vj9Loe7t9BwV62tbKDxhyzAxgHS1qPGZKyWzx5djobBvBINpnE5uyNguwIFbNHEzOLzxfbMjg4:1tDPxe:Qh-awXdWmI4WZzkBPEPcrHm1e0OQf-mxbiwGN3vdm84", "expire_date": "2024-12-03T15:16:14.213Z"}}, {"model": "sessions.session", "pk": "ek3cqazw33esp9sa4earujrkj7au8zqh", "fields": {"session_data": ".eJxVjEEOwiAQRe_C2hCwBQaX7nsGMjMMUjVtUtqV8e7apAvd_vfef6mE21rT1mRJY1YXZY06_Y6E_JBpJ_mO023WPE_rMpLeFX3Qpoc5y_N6uH8HFVv91t4yBi4oLgOVaGNAYzpjXSCAzP4cImAhB-Kpj2CKMBVgsb1H33Wi3h8bSjim:1tE3sH:zkSh3iVxIHTmShdr8IqmEpZK72u_qKPg9dlFYyrLNrM", "expire_date": "2024-12-05T09:53:21.390Z"}}, {"model": "sessions.session", "pk": "ep177et7chwtrb4a6orp3dz42miy7isy", "fields": {"session_data": ".eJxVjEEOwiAQRe_C2hCwBQaX7nsGMjMMUjVtUtqV8e7apAvd_vfef6mE21rT1mRJY1YXZY06_Y6E_JBpJ_mO023WPE_rMpLeFX3Qpoc5y_N6uH8HFVv91t4yBi4oLgOVaGNAYzpjXSCAzP4cImAhB-Kpj2CKMBVgsb1H33Wi3h8bSjim:1tE3aE:vMkSkkbOaA6xfoPmijTA41pc8CITnm8udqtgWekbAAY", "expire_date": "2024-12-05T09:34:42.634Z"}}, {"model": "sessions.session", "pk": "gflyzi0ymgubtaf8sv5659dml9il00tk", "fields": {"session_data": ".eJxVjDsOwyAQBe9CHSFifiZl-pwBwe4SnEQgGbuKcvcYyYXdvpk3X-bDumS_Npr9hOzGDLsctxjgTaUDfIXyrBxqWeYp8q7wnTb-qEif--6eAjm03LMkFIyOFDqbIA2jiNI60EkbSCilCRbA2avUakAByiRhnAXcXgSbyX5_7RI39Q:1tE9lB:YMs9MhKHKvxci2LGhy9mtf4hXzZtuWDaWy6VN1bsQhw", "expire_date": "2024-12-05T16:10:25.699Z"}}, {"model": "sessions.session", "pk": "hzjc58sfntf1d876fexvh0v1qg09xva9", "fields": {"session_data": ".eJxVjMsOwiAQRf-FtSE8Rigu3fcbCMMMUjU0Ke3K-O_apAvd3nPOfYmYtrXGrfMSJxIXYcXpd8OUH9x2QPfUbrPMc1uXCeWuyIN2Oc7Ez-vh_h3U1Ou31p48WweExaBh71Kg7FmFkkoYtLPkzwoRCIJmq0AB4sBeK5MVWKvF-wPxWzeZ:1tDIRP:aB638nC_Cbkycqi-Hd_LM0f4KTnM-fvwlSLovSN6kvg", "expire_date": "2024-12-03T07:14:27.704Z"}}, {"model": "sessions.session", "pk": "l9vxvzunqqt59a4mm53jt3xt8uxrwx8s", "fields": {"session_data": ".eJxVjEEOwiAQRe_C2hCwBQaX7nsGMjMMUjVtUtqV8e7apAvd_vfef6mE21rT1mRJY1YXZY06_Y6E_JBpJ_mO023WPE_rMpLeFX3Qpoc5y_N6uH8HFVv91t4yBi4oLgOVaGNAYzpjXSCAzP4cImAhB-Kpj2CKMBVgsb1H33Wi3h8bSjim:1tE0ee:vJz64rVinNAeipUVLhYaelu9LFSbanmYo_zNAJ9QrF0", "expire_date": "2024-12-05T06:27:04.173Z"}}, {"model": "sessions.session", "pk": "lijcg8uoedwixv4aq1v4wj96g3a149u0", "fields": {"session_data": ".eJxVjEEOwiAQRe_C2hAKQwdcuvcMZGBQqoYmpV0Z725JutDte-__twi0rSVsLS9hYnEWVpx-WaT0zLULflC9zzLNdV2mKHsiD9vkdeb8uhzt30GhVvqareIUvbbAoAxG4NHtiIz2iM5SujnQ5JF1NhkMj7gTo7MaBuUAxecL3-M3TA:1tDJu1:l7LjxsJuUBNgsULCktwN4c8lK8nFSVCWxyDnrfEro9s", "expire_date": "2024-12-03T08:48:05.314Z"}}, {"model": "sessions.session", "pk": "mn2tg52ukw27sr7cs3deywbwi7sjhmiz", "fields": {"session_data": ".eJxVjM0OgjAQhN-lZ9O4S3_Ao3efodndbgU1kFA4Gd9dSDhoMqf5vpm3SbQufVqrzmnI5mIAzOm3ZJKnjjvJDxrvk5VpXOaB7a7Yg1Z7m7K-rof7d9BT7be1F-2wg9yGQAzSefHEW5AjgyoKFseNLy26AKQScxOic1LiuUDA1ny-HY04YQ:1tEPk9:tV8z1xDzZbGMm4jdi_p5gBQ__jgoEKjKGeILr-wfMKo", "expire_date": "2024-12-06T09:14:25.803Z"}}, {"model": "sessions.session", "pk": "s3c0a3f4208e2w2bqoa5283oah31kmea", "fields": {"session_data": ".eJxVjDsOwyAQBe9CHSFifiZl-pwBwe4SnEQgGbuKcvcYyYXdvpk3X-bDumS_Npr9hOzGDLsctxjgTaUDfIXyrBxqWeYp8q7wnTb-qEif--6eAjm03LMkFIyOFDqbIA2jiNI60EkbSCilCRbA2avUakAByiRhnAXcXgSbyX5_7RI39Q:1tE7ll:TjQSkUBP3cFSKjUqJm3raq2f1gE7Mw_xLiMXaoGlCgI", "expire_date": "2024-12-05T14:02:53.885Z"}}, {"model": "sessions.session", "pk": "ui13cp4iaxxshd34f3wqqj44x29zyjd6", "fields": {"session_data": ".eJxVjDsOwyAQBe9CHSFifiZl-pwBwe4SnEQgGbuKcvcYyYXdvpk3X-bDumS_Npr9hOzGDLsctxjgTaUDfIXyrBxqWeYp8q7wnTb-qEif--6eAjm03LMkFIyOFDqbIA2jiNI60EkbSCilCRbA2avUakAByiRhnAXcXgSbyX5_7RI39Q:1tE7ln:t8jKgPo4LsBb-yr6_aiyM45Us6FJH9RuSCxRpvwKTto", "expire_date": "2024-12-05T14:02:55.795Z"}}, {"model": "sessions.session", "pk": "v61qxz1fnlintqpv3btsj3sl4naehbrm", "fields": {"session_data": ".eJxVjDsOwyAQBe9CHSFifiZl-pwBwe4SnEQgGbuKcvcYyYXdvpk3X-bDumS_Npr9hOzGDLsctxjgTaUDfIXyrBxqWeYp8q7wnTb-qEif--6eAjm03LMkFIyOFDqbIA2jiNI60EkbSCilCRbA2avUakAByiRhnAXcXgSbyX5_7RI39Q:1tDOiV:5WFDMVWW-yp14ktHpJfMFVn6WI1KvyXfwrQHBrjVvDY", "expire_date": "2024-12-03T13:56:31.845Z"}}, {"model": "sessions.session", "pk": "vx3wnqe3u1kkdnwhv6z2227zhm5707jn", "fields": {"session_data": ".eJxVjDsOwyAQBe9CHSFifiZl-pwBwe4SnEQgGbuKcvcYyYXdvpk3X-bDumS_Npr9hOzGDLsctxjgTaUDfIXyrBxqWeYp8q7wnTb-qEif--6eAjm03LMkFIyOFDqbIA2jiNI60EkbSCilCRbA2avUakAByiRhnAXcXgSbyX5_7RI39Q:1tE9lA:9EsvCg90kT2VACSESGr8uNSwpQXxS-Vx0HUvaCT-TYs", "expire_date": "2024-12-05T16:10:24.439Z"}}, {"model": "recipes.produit", "pk": 1, "fields": {"name": "oeuf"}}, {"model": "recipes.produit", "pk": 2, "fields": {"name": "sucre"}}, {"model": "recipes.produit", "pk": 3, "fields": {"name": "Crème liquide"}}, {"model": "recipes.produit", "pk": 4, "fields": {"name": "Vanille"}}, {"model": "recipes.produit", "pk": 5, "fields": {"name": "sucre roux"}}, {"model": "recipes.produit", "pk": 6, "fields": {"name": "Pomme de terre"}}, {"model": "recipes.produit", "pk": 7, "fields": {"name": "Oignons"}}, {"model": "recipes.produit", "pk": 8, "fields": {"name": "Sel"}}, {"model": "recipes.produit", "pk": 9, "fields": {"name": "Huile D'olive"}}, {"model": "recipes.produit", "pk": 10, "fields": {"name": "Tomatoes"}}, {"model": "recipes.produit", "pk": 11, "fields": {"name": "halib"}}, {"model": "recipes.produit", "pk": 12, "fields": {"name": ""}}, {"model": "recipes.produit", "pk": 13, "fields": {"name": "thmira"}}, {"model": "recipes.produit", "pk": 14, "fields": {"name": "ingredient"}}, {"model": "recipes.produit", "pk": 15, "fields": {"name": "jdida"}}, {"model": "recipes.produit", "pk": 16, "fields": {"name": "zaatar"}}, {"model": "recipes.produit", "pk": 17, "fields": {"name": "Semoule de couscous"}}, {"model": "recipes.produit", "pk": 18, "fields": {"name": "Viande d'agneau"}}, {"model": "recipes.produit", "pk": 19, "fields": {"name": "Carottes"}}, {"model": "recipes.produit", "pk": 20, "fields": {"name": "Pois chiches"}}, {"model": "recipes.produit", "pk": 21, "fields": {"name": "Courgettes"}}, {"model": "recipes.produit", "pk": 22, "fields": {"name": "Navets"}}, {"model": "recipes.produit", "pk": 23, "fields": {"name": "Tomates"}}, {"model": "recipes.produit", "pk": 24, "fields": {"name": "Huile d'olive"}}, {"model": "recipes.produit", "pk": 25, "fields": {"name": "Eau"}}, {"model": "recipes.produit", "pk": 26, "fields": {"name": "Viande d'agneau ou de poulet"}}, {"model": "recipes.produit", "pk": 27, "fields": {"name": "mlha"}}, {"model": "recipes.produit", "pk": 28, "fields": {"name": "bida"}}, {"model": "recipes.produit", "pk": 29, "fields": {"name": "viande hachée"}}, {"model": "recipes.produit", "pk": 30, "fields": {"name": "pains a hamburger"}}, {"model": "recipes.produit", "pk": 31, "fields": {"name": "laitue"}}, {"model": "recipes.produit", "pk": 32, "fields": {"name": " tomate"}}, {"model": "recipes.produit", "pk": 33, "fields": {"name": " oignon"}}, {"model": "recipes.produit", "pk": 34, "fields": {"name": "mayonnaise"}}, {"model": "recipes.produit", "pk": 35, "fields": {"name": " ketchup"}}, {"model": "recipes.produit", "pk": 36, "fields": {"name": " moutarde"}}, {"model": "recipes.produit", "pk": 37, "fields": {"name": "farine"}}, {"model": "recipes.produit", "pk": 38, "fields": {"name": "lait tiède d’amandes"}}, {"model": "recipes.produit", "pk": 39, "fields": {"name": "sucre de canne"}}, {"model": "recipes.produit", "pk": 40, "fields": {"name": "beurre demi-sel"}}, {"model": "recipes.produit", "pk": 41, "fields": {"name": "1 sachet de levure de boulanger"}}, {"model": "recipes.produit", "pk": 42, "fields": {"name": "d'eau tiède"}}, {"model": "recipes.produit", "pk": 43, "fields": {"name": "d'huile d'olive"}}, {"model": "recipes.produit", "pk": 44, "fields": {"name": "sauce tomate"}}, {"model": "recipes.produit", "pk": 45, "fields": {"name": "mozzarella râpée ou en tranches"}}, {"model": "recipes.produit", "pk": 46, "fields": {"name": "jambon"}}, {"model": "recipes.produit", "pk": 47, "fields": {"name": " champignons"}}, {"model": "recipes.produit", "pk": 48, "fields": {"name": " olives"}}, {"model": "recipes.produit", "pk": 49, "fields": {"name": " poivrons"}}, {"model": "recipes.produit", "pk": 50, "fields": {"name": "chocolat noir"}}, {"model": "recipes.produit", "pk": 51, "fields": {"name": "beurre"}}, {"model": "recipes.produit", "pk": 52, "fields": {"name": "œufs"}}, {"model": "recipes.produit", "pk": 53, "fields": {"name": "levure chimique"}}, {"model": "recipes.produit", "pk": 54, "fields": {"name": "tomates fraîches"}}, {"model": "recipes.produit", "pk": 55, "fields": {"name": " hachées"}}, {"model": "recipes.produit", "pk": 56, "fields": {"name": "huile d'olive"}}, {"model": "recipes.recipe", "pk": 2, "fields": {"title": "Crème Brûlée", "description": "La crème brûlée est un dessert français composé d'une crème onctueuse à la vanille, recouverte d'une fine couche de sucre caramélisé croquant.", "user": 1, "image": "recipes_photos/Creme_brulee.jpg"}}, {"model": "recipes.recipe", "pk": 4, "fields": {"title": "Tortilla", "description": "La tortilla espagnole est une omelette épaisse à base d'œufs, de pommes de terre et d'oignons, cuite à la poêle.", "user": 3, "image": "recipes_photos/Tortilla.jpg"}}, {"model": "recipes.recipe", "pk": 5, "fields": {"title": "Tomato Soup", "description": "A warm soup made with fresh tomatoes.", "user": 4, "image": "recipes_photos/Tomato_Soup.jpg"}}, {"model": "recipes.recipe", "pk": 10, "fields": {"title": "Tajine", "description": "Un tajine est un plat traditionnel marocain préparé dans un récipient en terre cuite, caractérisé par une cuisson lente qui permet aux saveurs de se développer pleinement. Il peut être à base de viande, de poisson ou végétarien, accompagné d'épices, de légumes, et parfois de fruits secs.", "user": 10, "image": "recipes_photos/tajine.jpeg"}}, {"model": "recipes.recipe", "pk": 21, "fields": {"title": "couscours", "description": "Le couscous est un plat emblématique du Maroc, composé de semoule de blé, de légumes, de viande (souvent poulet, agneau ou merguez), et de délicieux assaisonnements. C'est un plat riche, savoureux et rempli de saveurs orientales.", "user": 10, "image": "recipes_photos/couscous_bOvBhGh.jpeg"}}, {"model": "recipes.recipe", "pk": 25, "fields": {"title": "Le hamburger", "description": "Le hamburger maison est un sandwich gourmand composé d'un steak haché savoureux, de fromage fondant, de légumes frais , et d'une sauce onctueuse, le tout niché dans un pain moelleux légèrement grillé. Il est parfait pour un repas convivial et rapide ! ", "user": 6, "image": "recipes_photos/Burger-New-York.jpg"}}, {"model": "recipes.recipe", "pk": 26, "fields": {"title": "Crêpes maison au lait d'amandes", "description": "La crêpe est une fine galette moelleuse et légère, réalisée à base de farine, œufs, lait, sucre et une pincée de sel. Elle se déguste sucrée avec du chocolat, du sucre, ou des fruits, ou en version salée, garnie de fromage, jambon ou légumes. Idéale pour un dessert ou un repas réconfortant !", "user": 6, "image": "recipes_photos/crepe.jpg"}}, {"model": "recipes.recipe", "pk": 27, "fields": {"title": "Pizza", "description": "La pizza est un plat emblématique italien composé d'une pâte fine et croustillante garnie de sauce tomate, de fromage fondant (souvent de la mozzarella) et d'autres ingrédients variés comme des légumes, viandes, ou fruits de mer. Elle est cuite au four et appréciée dans le monde entier pour sa saveur réconfortante et personnalisable.", "user": 6, "image": "recipes_photos/pizza.jpg"}}, {"model": "recipes.recipe", "pk": 28, "fields": {"title": "cake au chocolat", "description": "Le cake au chocolat est un dessert moelleux et gourmand, parfait pour les amateurs de chocolat. Facile et rapide à préparer, il séduit par sa texture fondante et son goût intense. Idéal pour le goûter, un dessert ou une pause sucrée, il peut être accompagné de crème, de fruits ou simplement dégusté tel quel.", "user": 6, "image": "recipes_photos/Chocolate_cake.jpg"}}, {"model": "recipes.recipe", "pk": 29, "fields": {"title": "KBM", "description": "L'œuf à la marocaine avec viande hachée et sauce tomate est une variante savoureuse du plat traditionnel. (KBM: kefta bid maticha )", "user": 6, "image": "recipes_photos/KBM.jpg"}}, {"model": "recipes.step", "pk": 1, "fields": {"recipe": 21, "description": "Préparation de la viande ", "image": "", "order": 1}}, {"model": "recipes.step", "pk": 2, "fields": {"recipe": 21, "description": "Cuisson des légumes ", "image": "", "order": 2}}, {"model": "recipes.step", "pk": 3, "fields": {"recipe": 21, "description": "Préparation de la semoule ", "image": "", "order": 3}}, {"model": "recipes.step", "pk": 4, "fields": {"recipe": 21, "description": "Montage du couscous ", "image": "", "order": 4}}, {"model": "recipes.step", "pk": 5, "fields": {"recipe": 21, "description": "Servir ", "image": "", "order": 5}}, {"model": "recipes.step", "pk": 12, "fields": {"recipe": 25, "description": "Dans un bol, mélangez la viande hachée avec le paprika, la moutarde, l’ail émincé (si utilisé), le sel et le poivre.", "image": "", "order": 1}}, {"model": "recipes.step", "pk": 13, "fields": {"recipe": 25, "description": "Faites griller légèrement les faces coupées sur une poêle ou un grille-pain.", "image": "", "order": 2}}, {"model": "recipes.step", "pk": 14, "fields": {"recipe": 25, "description": "Faites cuire les steaks 3 à 4 minutes de chaque côté pour une cuisson saignante, ou plus longtemps selon vos préférences.", "image": "", "order": 3}}, {"model": "recipes.step", "pk": 15, "fields": {"recipe": 25, "description": "Mélangez la mayonnaise, le ketchup, la moutarde et la sauce Worcestershire dans un petit bol.", "image": "", "order": 4}}, {"model": "recipes.step", "pk": 16, "fields": {"recipe": 25, "description": "Tartinez la base des pains avec la sauce.", "image": "", "order": 5}}, {"model": "recipes.step", "pk": 17, "fields": {"recipe": 25, "description": "Ajoutez une feuille de laitue, une rondelle de tomate, le steak avec le fromage fondu, des tranches d’oignon rouge et des cornichons.", "image": "", "order": 6}}, {"model": "recipes.step", "pk": 18, "fields": {"recipe": 25, "description": "Servez les hamburgers immédiatement, accompagnés de frites maison ou d’une salade.", "image": "", "order": 7}}, {"model": "recipes.step", "pk": 19, "fields": {"recipe": 26, "description": "Mettre la farine, le sucre et le sel dans un saladier, mélanger.", "image": "", "order": 1}}, {"model": "recipes.step", "pk": 20, "fields": {"recipe": 26, "description": "Verser le lait et l’eau tiède, puis mélanger à nouveau au fouet.", "image": "", "order": 2}}, {"model": "recipes.step", "pk": 21, "fields": {"recipe": 26, "description": "Faire fondre le beurre, l’ajouter à la préparation et bien mélanger.", "image": "", "order": 3}}, {"model": "recipes.step", "pk": 22, "fields": {"recipe": 26, "description": "Disposer une noisette de beurre ou huile coco dans une poêle et hop, on fait sauter les crêpes !", "image": "", "order": 4}}, {"model": "recipes.step", "pk": 23, "fields": {"recipe": 27, "description": "Mélangez 250 g de farine, 1 c. à café de sel, 10 g de levure, 150 ml d'eau tiède, et 2 c. à soupe d'huile d'olive. Pétrissez et laissez lever 1 à 2 heures.", "image": "", "order": 1}}, {"model": "recipes.step", "pk": 24, "fields": {"recipe": 27, "description": "Étalez la pâte sur un plan fariné et placez-la sur une plaque recouverte de papier sulfurisé.", "image": "", "order": 2}}, {"model": "recipes.step", "pk": 25, "fields": {"recipe": 27, "description": "Étalez 200 g de sauce tomate, ajoutez de la mozzarella et vos garnitures préférées (jambon, olives, etc.)", "image": "", "order": 3}}, {"model": "recipes.step", "pk": 26, "fields": {"recipe": 27, "description": "Enfournez 10-15 minutes jusqu’à ce que la pâte soit dorée et le fromage fondu.", "image": "", "order": 4}}, {"model": "recipes.step", "pk": 27, "fields": {"recipe": 27, "description": "Servez chaud et régalez-vous !", "image": "", "order": 5}}, {"model": "recipes.step", "pk": 28, "fields": {"recipe": 28, "description": "Faites fondre 200 g de chocolat noir avec 100 g de beurre au bain-marie ou au micro-ondes.", "image": "", "order": 1}}, {"model": "recipes.step", "pk": 29, "fields": {"recipe": 28, "description": "Battez 3 œufs avec 150 g de sucre jusqu'à ce que le mélange blanchisse. Ajoutez 100 g de farine, 1/2 sachet de levure chimique, et le chocolat fondu.", "image": "", "order": 2}}, {"model": "recipes.step", "pk": 30, "fields": {"recipe": 28, "description": "Beurrez un moule et versez la pâte.", "image": "", "order": 3}}, {"model": "recipes.step", "pk": 31, "fields": {"recipe": 28, "description": "Enfournez 25-30 minutes. Vérifiez la cuisson avec la pointe d’un couteau (elle doit ressortir légèrement humide).", "image": "", "order": 4}}, {"model": "recipes.step", "pk": 32, "fields": {"recipe": 28, "description": "Laissez refroidir avant de démouler.", "image": "", "order": 5}}, {"model": "recipes.step", "pk": 33, "fields": {"recipe": 28, "description": "Servez nature ou avec une boule de glace. 🍫", "image": "", "order": 6}}, {"model": "recipes.step", "pk": 34, "fields": {"recipe": 29, "description": "Cuire la viande hachée", "image": "", "order": 1}}, {"model": "recipes.step", "pk": 35, "fields": {"recipe": 29, "description": "Incorporez les tomates hachées à la viande. Laissez mijoter pendant environ 10 à 15 minutes, jusqu'à ce que les tomates soient bien cuites et forment une sauce.", "image": "", "order": 2}}, {"model": "recipes.step", "pk": 36, "fields": {"recipe": 29, "description": "Faites des petits puits dans la sauce tomate et cassez un œuf dans chaque puits. Couvrez la poêle et laissez cuire pendant 5 à 7 minutes, ou jusqu'à ce que les blancs d'œufs soient cuits tout en gardant les jaunes légèrement coulants ", "image": "", "order": 3}}, {"model": "recipes.step", "pk": 37, "fields": {"recipe": 29, "description": "Garnissez de persil ou de coriandre haché avant de servir. Ce plat est parfait avec du pain frais ou du couscous.", "image": "", "order": 4}}, {"model": "recipes.avis", "pk": 1, "fields": {"user": 4, "recipe": 5, "content": "Delicious!", "rating": 5, "created_at": "2024-11-21T15:56:56.494Z"}}, {"model": "recipes.avis", "pk": 12, "fields": {"user": 10, "recipe": 5, "content": "             Très bonne recette               ", "rating": 5, "created_at": "2024-11-22T07:44:14.332Z"}}, {"model": "recipes.avis", "pk": 13, "fields": {"user": 10, "recipe": 2, "content": "trop sucrée                        ", "rating": 3, "created_at": "2024-11-22T07:44:47.245Z"}}, {"model": "recipes.avis", "pk": 14, "fields": {"user": 10, "recipe": 10, "content": "Ahh, le goût marocain              ", "rating": 4, "created_at": "2024-11-22T07:45:26.227Z"}}, {"model": "recipes.avis", "pk": 15, "fields": {"user": 11, "recipe": 25, "content": "Wooow, Excellent             ", "rating": 5, "created_at": "2024-11-22T09:14:54.103Z"}}, {"model": "recipes.ingredient", "pk": 6, "fields": {"produit": 1, "recette": 4, "qtté": "6"}}, {"model": "recipes.ingredient", "pk": 7, "fields": {"produit": 6, "recette": 4, "qtté": "500g"}}, {"model": "recipes.ingredient", "pk": 8, "fields": {"produit": 7, "recette": 4, "qtté": "1"}}, {"model": "recipes.ingredient", "pk": 9, "fields": {"produit": 8, "recette": 4, "qtté": "1 pincée"}}, {"model": "recipes.ingredient", "pk": 10, "fields": {"produit": 9, "recette": 4, "qtté": "5 càs"}}, {"model": "recipes.ingredient", "pk": 11, "fields": {"produit": 10, "recette": 5, "qtté": "500g"}}, {"model": "recipes.ingredient", "pk": 33, "fields": {"produit": 17, "recette": 21, "qtté": ""}}, {"model": "recipes.ingredient", "pk": 34, "fields": {"produit": 26, "recette": 21, "qtté": ""}}, {"model": "recipes.ingredient", "pk": 35, "fields": {"produit": 19, "recette": 21, "qtté": ""}}, {"model": "recipes.ingredient", "pk": 38, "fields": {"produit": 29, "recette": 25, "qtté": ""}}, {"model": "recipes.ingredient", "pk": 39, "fields": {"produit": 30, "recette": 25, "qtté": ""}}, {"model": "recipes.ingredient", "pk": 40, "fields": {"produit": 31, "recette": 25, "qtté": ""}}, {"model": "recipes.ingredient", "pk": 41, "fields": {"produit": 32, "recette": 25, "qtté": ""}}, {"model": "recipes.ingredient", "pk": 42, "fields": {"produit": 33, "recette": 25, "qtté": ""}}, {"model": "recipes.ingredient", "pk": 43, "fields": {"produit": 34, "recette": 25, "qtté": ""}}, {"model": "recipes.ingredient", "pk": 44, "fields": {"produit": 35, "recette": 25, "qtté": ""}}, {"model": "recipes.ingredient", "pk": 45, "fields": {"produit": 36, "recette": 25, "qtté": ""}}, {"model": "recipes.ingredient", "pk": 46, "fields": {"produit": 37, "recette": 26, "qtté": ""}}, {"model": "recipes.ingredient", "pk": 47, "fields": {"produit": 38, "recette": 26, "qtté": ""}}, {"model": "recipes.ingredient", "pk": 48, "fields": {"produit": 39, "recette": 26, "qtté": ""}}, {"model": "recipes.ingredient", "pk": 49, "fields": {"produit": 40, "recette": 26, "qtté": ""}}, {"model": "recipes.ingredient", "pk": 50, "fields": {"produit": 37, "recette": 27, "qtté": ""}}, {"model": "recipes.ingredient", "pk": 51, "fields": {"produit": 41, "recette": 27, "qtté": ""}}, {"model": "recipes.ingredient", "pk": 52, "fields": {"produit": 42, "recette": 27, "qtté": ""}}, {"model": "recipes.ingredient", "pk": 53, "fields": {"produit": 43, "recette": 27, "qtté": ""}}, {"model": "recipes.ingredient", "pk": 54, "fields": {"produit": 44, "recette": 27, "qtté": ""}}, {"model": "recipes.ingredient", "pk": 55, "fields": {"produit": 45, "recette": 27, "qtté": ""}}, {"model": "recipes.ingredient", "pk": 56, "fields": {"produit": 46, "recette": 27, "qtté": ""}}, {"model": "recipes.ingredient", "pk": 57, "fields": {"produit": 47, "recette": 27, "qtté": ""}}, {"model": "recipes.ingredient", "pk": 58, "fields": {"produit": 48, "recette": 27, "qtté": ""}}, {"model": "recipes.ingredient", "pk": 59, "fields": {"produit": 49, "recette": 27, "qtté": ""}}, {"model": "recipes.ingredient", "pk": 60, "fields": {"produit": 50, "recette": 28, "qtté": ""}}, {"model": "recipes.ingredient", "pk": 61, "fields": {"produit": 51, "recette": 28, "qtté": ""}}, {"model": "recipes.ingredient", "pk": 62, "fields": {"produit": 2, "recette": 28, "qtté": ""}}, {"model": "recipes.ingredient", "pk": 63, "fields": {"produit": 52, "recette": 28, "qtté": ""}}, {"model": "recipes.ingredient", "pk": 64, "fields": {"produit": 37, "recette": 28, "qtté": ""}}, {"model": "recipes.ingredient", "pk": 65, "fields": {"produit": 53, "recette": 28, "qtté": ""}}, {"model": "recipes.ingredient", "pk": 66, "fields": {"produit": 54, "recette": 29, "qtté": ""}}, {"model": "recipes.ingredient", "pk": 67, "fields": {"produit": 55, "recette": 29, "qtté": ""}}, {"model": "recipes.ingredient", "pk": 68, "fields": {"produit": 29, "recette": 29, "qtté": ""}}, {"model": "recipes.ingredient", "pk": 69, "fields": {"produit": 56, "recette": 29, "qtté": ""}}, {"model": "recipes.ingredient", "pk": 70, "fields": {"produit": 52, "recette": 29, "qtté": ""}}, {"model": "recipes.favorites", "pk": 2, "fields": {"user": 6, "recette": 2}}, {"model": "recipes.favorites", "pk": 9, "fields": {"user": 10, "recette": 4}}, {"model": "recipes.favorites", "pk": 14, "fields": {"user": 10, "recette": 21}}, {"model": "recipes.favorites", "pk": 15, "fields": {"user": 10, "recette": 10}}, {"model": "recipes.favorites", "pk": 16, "fields": {"user": 10, "recette": 5}}]